
/***********************************
 * SUCURSALES
 ***********************************/

INSERT INTO Sucursales.Sucursal VALUES 
('S001','SUCURSAL CENTRAL','3a Avenida 3-33 zona 3'),
('S002','SUCURSAL NORTE','1a Avenida 1-11 zona 1'),
('S003','SUCURSAL SUR','5a Avenida 5-55 zona 5');



/***********************************
 * EMPLEADOS
 ***********************************/

/* ADMINISTRADOR */
INSERT INTO Personal.Empleado (usuario,contrasena,cui,rol,nombre,apellido,salario) VALUES 
('ADMIN001','admin001','9554309510527','ADMINISTRADOR','Mateo Sebastian','Rodriguez Perez','10000.00'),
('ADMIN002','admin002','7586822852118','ADMINISTRADOR','Sofia Isabella','Garcia Martinez','10000.00');

/* ENCARGADOS DE BODEGA */
INSERT INTO Personal.Empleado (usuario,contrasena,cui,rol,sucursal,nombre,apellido,salario) VALUES 
('BODEGA001','bodega001','2269346801801','BODEGA','S001','Camila Valentina','Hernandez Torres','8000.00'),
('BODEGA002','bodega002','6822644130211','BODEGA','S002','Santiago Daniel','Flores Castro','8000.00'),
('BODEGA003','bodega003','8749460581301','BODEGA','S003','Gabriela Victoria','Ramirez Diaz','8000.00');

/* ENCARGADOS DE INVENTARIO */
INSERT INTO Personal.Empleado (usuario,contrasena,cui,rol,sucursal,nombre,apellido,salario) VALUES 
('INVEN001','inven001','4861533900215','INVENTARIO','S001','Luis Alberto','Vargas Ortiz','6000.00'),
('INVEN002','inven002','9387851950102','INVENTARIO','S001','Andrea Isabel','Gonzalez Flores','6000.00'),
('INVEN003','inven003','6197495210920','INVENTARIO','S001','Miguel Antonio','Rivera Medina','6000.00'),
('INVEN004','inven004','5038850092227','INVENTARIO','S001','Daniela Alejandra','Leon Castro','6000.00'),
('INVEN005','inven005','8176828381119','INVENTARIO','S002','Diego Eduardo','Jimenez Reyes','6000.00'),
('INVEN006','inven006','9984729090929','INVENTARIO','S002','Ana Maria','Diaz Perez','6000.00'),
('INVEN007','inven007','4714971532213','INVENTARIO','S002','Juan Carlos','Gomez Aguilar','8000.00'),
('INVEN008','inven008','6856325451213','INVENTARIO','S002','Natalia Fernanda','Mendoza Sanchez','8000.00'),
('INVEN009','inven009','4710349941829','INVENTARIO','S003','Brandon Rafael','Arango Echeverría','6000.00'),
('INVEN010','inven010','8190338510203','INVENTARIO','S003','Tania Carolina','Duval Fernández','6000.00'),
('INVEN011','inven011','4948418682016','INVENTARIO','S003','Lorenzo Moisés','Polanco Velásquez','8000.00'),
('INVEN012','inven012','6306882582021','INVENTARIO','S003','Hanna Salomé','Coronado Guzmán','8000.00');

/* ENCARGADOS DE CAJAS */
INSERT INTO Personal.Empleado VALUES 
('CAJERO001','cajero001','3110761971218','CAJERO','S001','Victor Raul','Sanchez Flores','4000.00',1),
('CAJERO002','cajero002','5673245222109','CAJERO','S001','Carmen Patricia','Ruiz Garcia','4000.00',2),
('CAJERO003','cajero003','4341542282112','CAJERO','S001','Jorge Alberto','Hernandez Rodriguez','4000.00',3),
('CAJERO004','cajero004','2568646650815','CAJERO','S001','Diana Lucia','Torres Garcia','4000.00',4),
('CAJERO005','cajero005','8441090911123','CAJERO','S001','Juan Pablo','Romero Torres','4000.00',5),
('CAJERO006','cajero006','6254628692123','CAJERO','S001','Martina Elizabeth','Gonzalez Hernandez','4000.00',6),
('CAJERO007','cajero007','3080779181304','CAJERO','S002','Francisco Javier','Marquez Ruiz','4000.00',1),
('CAJERO008','cajero008','6260018631520','CAJERO','S002','Luciana Maribel','Medina Romero','4000.00',2),
('CAJERO009','cajero009','9039384642117','CAJERO','S002','Gabriel Alejandro','Gonzalez Sanchez','4000.00',3),
('CAJERO010','cajero010','2008060481104','CAJERO','S002','Ana Carolina','Ortiz Ramirez','4000.00',4),
('CAJERO011','cajero011','3239865060503','CAJERO','S002','Jose Manuel','Perez Garcia','4000.00',5),
('CAJERO012','cajero012','5504256091904','CAJERO','S002','Valeria Isabella','Diaz Romero','4000.00',6),
('CAJERO013','cajero013','2230802491229','CAJERO','S003','Wilson Giovanni','Castellanos Leal','4000.00',1),
('CAJERO014','cajero014','8834640230711','CAJERO','S003','Nuria Isabel','Villatoro Olmedo','4000.00',2),
('CAJERO015','cajero015','2091202431915','CAJERO','S003','Dante Francisco','Ortíz Juárez','4000.00',3),
('CAJERO016','cajero016','1885323030407','CAJERO','S003','Genoveva Raquel','Luna Palacios','4000.00',4),
('CAJERO017','cajero017','7087084942003','CAJERO','S003','Gustavo Salomón','Alpirez Velarde','4000.00',5),
('CAJERO018','cajero018','6256859771428','CAJERO','S003','Kenia Marisol','López Estrada','4000.00',6);



/***********************************
 * CLIENTES
 ***********************************/

INSERT INTO GestionVenta.Cliente VALUES 
('7054718-4','Bruno Gonzalez','Ciudad',0,0),
('2184209-5','Tomas Martinez','Ciudad',0,0),
('671718-6','Vilma Gomez','Ciudad',0,0),
('6303494-1','Camila Sanchez','Ciudad',0,0),
('734246-9','Juan Lopez','Ciudad',0,0),
('7069178-9','Sofia Rodriguez','Ciudad',0,0),
('568069-1','Natalia Fernandez','Ciudad',0,0),
('1545093-5','Matias Garcia','Ciudad',0,0),
('460062-9','Isaura Diaz','Ciudad',0,0),
('8036368-3','Lucas Pineda','Ciudad',0,0),
('4784231-6','Lidia Pérez','Ciudad',0,0),
('6214607-8','Uriel Blanco','Ciudad',0,0),
('7279821-6','Miriam Jiménez','Ciudad',0,0),
('8460518-6','Ernesto Vides','Ciudad',0,0),
('2283607-2','Nancy Ramírez','Ciudad',0,0),
('4267034-4','Gilberto Quiñonez','Ciudad',0,0),
('7233525-8','Filomena Castroconde','Ciudad',0,0),
('6151710-8','Irene Llanos','Ciudad',0,0),
('2597859-4','Samuel Alonzo','Ciudad',0,0),
('8134860-7','Jaime Guevara','Ciudad',0,0),
('3049885-5','Henry Orozco','Ciudad',0,0),
('5544960-3','Jenifer Izaguirre','Ciudad',0,0),
('3751860-5','Marco Briones','Ciudad',0,0),
('8647976-1','Omar Pozuelo','Ciudad',0,0);



/***********************************
 * PRODUCTOS
 ***********************************/




INSERT INTO Stock.Producto VALUES 
('6572999314093','Lavadora','Samsung','5000.00','Lavadora de carga frontal de 7 kg.'),
('7541718504009','Refrigerador','LG','5100.00','Refrigerador de dos puertas con capacidad de 500 litros.'),
('1316990073218','Estufa','Whirlpool','1600.00','Estufa de gas de 6 quemadores y horno electrico.'),
('6313550344426','Secadora','Bosch','4290.00','Secadora electrica de carga frontal de 8 kg.'),
('9249319781313','Horno','General Electric','450.00','Horno electrico de acero inoxidable.'),
('2417379719097','Microondas','Samsung','650.00','Microondas de 1000 watts con funcion de grill.'),
('9704654213090','Licuadora','Oster','580.00','Licuadora de 10 velocidades con vaso de vidrio.'),
('2333137751556','Batidora','Sharp','690.00','Batidora de mano de 5 velocidades con accesorios.'),
('5845751360594','Tostadora','Black+Decker','350.00','Tostadora de 2 rebanadas con funcion de descongelamiento.'),
('4489278536254','Cafetera','Bosch','580.00','Cafetera de capsulas con deposito de agua de 2 litros.'),
('3200978407158','Aspiradora','Dyson','4500.00','Aspiradora sin cable con tecnologia Cyclone.'),
('4938816169297','Plancha','Hitachi','220.00','Plancha de vapor con suela de ceramica.'),
('3055335899290','Ventilador','Philips','465.00','Ventilador de torre con control remoto.'),
('9136225593277','Refrigerador','Philips','12000.00','Refrigerador de dos puertas con capacidad de 700 litros.'),
('7225309188747','Deshumidificador','Frigidaire','1600.00','Deshumidificador portatil de 70 pintas.'),
('8921160582814','Calefactor','Samsung','495.00','Calefactor electrico con termostato programable.'),
('1453071773331','Cafetera','Hamilton Beach','490.00','Cafetera de capsulas con deposito de agua de 5 litros.'),
('6649131125509','Microondas','Sony','835.00','Microondas de 1000 watts.'),
('3470106186111','Cafetera express','General Electric','649.00','Cafetera express de acero inoxidable.'),
('6600846251877','Estufa','Sony','1500.00','Estufa de gas de 6 quemadores.'),
('3356514414413','Licuadora','Panasonic','470.00','Licuadora personal de 900 watts con vasos portatiles.'),
('3932046799197','Plancha de pelo','LG','540.00','Plancha de pelo profesional de ceramica.'),
('1779401896569','Batidora de mano','Whirlpool','575.00','Batidora de mano de 3 velocidades con accesorios.'),
('4669878957357','Vaporera','Oster','325.00','Vaporera electrica de acero inoxidable.'),
('7353809138211','Lavavajillas','Whirlpool','3490.00','Lavavajillas de 60 cm con sistema de secado automatico'),
('4610557967562','Horno','Bosch','475.00','Horno electrico con sistema de limpieza automatica'),
('4619378033486','Aspiradora','Panasonic','5140.00','Aspiradora sin cable con tecnologia ciclonica'),
('9368256336381','Plancha','Philips','265.00','Plancha de vapor con tecnologia OptimalTEMP'),
('2425633084222','Estufa electrica','Remington','7350.00','Estufa electrica de aceite con termostato regulable'),
('3750669982425','Licuadora','Black+Decker','265.00','Licuadora con jarra de cristal y 2 velocidades');


INSERT INTO Stock.Producto VALUES 
('5442502620527','Azúcar','Morena','17.4','Azúcar Morena de Caña, Los Tulipanes, Fortificada con Vitamina A - 2000gr'),
('9284657246610','Frijol','Ducal','13.95','Frijol Ducal Molido Negro Doy Pack - 993gr'),
('6959877952280','Espagueti','Ina','4.1','Pasta larga Ina Espagueti - 200gr'),
('5718790208209','Sal','B&Z','2.65','Sal B&Z Yodada Artesanal - 920gr'),
('8143325683215','Sopa de pollo con fideos','Maggi','2.8','Sopa de Pollo con Fideos MAGGI Sobre 57g'),
('2478718177072','Arroz precocido','Gallo Dorado','7.45','Arroz Gallo Dorado Precocido - 400gr'),
('8495805466698','Avena','Quaker','21.25','Avena Mosh Quaker, Nutremas - 900g'),
('6082289004669','Agua Purificada','Great Value','49.46','Agua Purificada Great Value 35 Pack - 500ml'),
('3725214883635','Jugo de Naranja','De La Granja','23.4','Jugo De Naranja De La Granja - 3400ml'),
('9765255888648','Gaseosa','Coca Cola','23.18','Gaseosa Coca Cola surtido lata 8pack - 1896 ml'),
('7020723053958','Café instantáneo','Nescafé','59.95','Café Clásico Instantáneo Nescafé En Frasco - 300g'),
('1017838508065','Jugo','Kerns','11.8','Nectar Kerns, Junior 6 Pack - 200ml'),
('1524317329319','Bebida en polvo','Clight','5.5','Bebida En Polvo Clight Sabor Mandarina - 14g'),
('9515529536242','Horchata','Rabinal','20.95','Bebida Rabinal Natural Horchata - 1800ml'),
('2647242111611','Medallones de pollo','Pollo Rey','32.5','Medallones De Pollo, Pollo Rey - 400gr'),
('2190649841682','Tacos','Ya está','19.75','Tacos Ya Esta De Res Paquete - 880gr'),
('2281332456394','Pan de agua','Isopan','17.75','Pan Isopan De Agua 10 Unidades - 709gr'),
('3850395232169','Papas para freir','Mccain','17','Papas Mccain Fritas Corte Recto - 500gr'),
('4322321113010','Alitas barbacoa','Pollo Rey','33.75','Alitas Barbacoa Pollo Rey 380g'),
('5933147829298','Pupusas','Yaestá','37','Pupusas Yaesta De Queso 540gr'),
('3425402804450','Hashbrown','Great Value','27.5','Hashbrown Great Value - 640gr'),
('2613757847944','Pan Sandwich','Pan Europa','26.35','Pan Europa Sandwich Big Butter - 690g'),
('5175223764089','Tortilla de Harina','Bimbo','11.35','Tortilla De Harina Bimbo Tamaño Mediana 10 Unidades - 260g'),
('2937900204654','Miga de pan','Las Victorias','6','Miga Las Victorias De Pan - 230gr'),
('9029872403500','Pan tostado','Bimbo','19.3','Pan Bimbo Tostado Blanco Clásico- 210gr'),
('3918464313589','Pan Hamburguesa','Tahona','8.3','Pan Tahona Hamburguesa - 5 Und 290gr'),
('8257442327051','Pan Baguette','Bakers & Chefs','9.5','Baguette Bakers & Chefs Blanco Grande'),
('6403775169400','Chiquiadores','Iberia','12','Chiquiadores Iberia Artesanales Bote -160gr'),
('1689567548517','Queso Mozzrella','Great Value','26.5','Queso Great Value Mozzarella Rallado - 226gr'),
('4003793129783','Queso crema','Dos Pinos','23','Queso Crema Dos Pinos Original - 210g'),
('8191350580504','Leche deslactosada','Dos Pinos','51','Leche Dos Pinos Liquido Delactomy 3 Pack - 1000ml'),
('7391626548706','Crema','Trebolac','22.15','Crema Trebolac Pura - 450ml'),
('8711798404906','Huevos Blancos Grandes','Fátima','82.95','Huevo Avicola Fatima Grande Blanco -60 unidades'),
('2769559162339','Margarina','Mazola','11.4','Margarina Mazola Reducida en Grasa - 400gr'),
('5895936618789','Yogurt','Danone','25','Yogurt Danone Natural Sin Azucar - 900gr'),
('7622383888957','Jamón de Pechuga de Pavo','Virginia','36','Jamón Fud Pechuga De Pavo Virginia, Bajo En Grasa, Fuente De Vitamina - 250g'),
('2711593431735','Salchicha de Pavo','Fud','14','Salchicha Con Pavo Fud, Fuente De Proteína - 266g'),
('1365346571535','Tocino Ahumado','Toledo','22.25','Tocino Ahumado Toledo 172g'),
('9996512643860','Jamón de Pechuga de Pavo','Capistrano','39','Jamón Pechuga De Pavo Capistrano 250 Gr'),
('9188608617161','Pate','Toledo','12','Pate Toledo 230g'),
('8375518110133','Longaniza','La Estancia','42.9','La Estancia Longaniza Uruguaya Cerdo'),
('6225269271869','Pepperoni','Feso Premium','38.75','Pepperoni Feso Premium-Lb'),
('7766303582934','Chorizo','Santa Lucía','19.12','Chorizo Santa Lucia Colorado Lb'),
('9584704419871','Tomate ','Red','18.25','Tomate Para Cocina Empacado En Red 3 Libras'),
('4034732296107','Papa','Super','3.74','Papa Super Red Libra - Red de 3 Libras aproximadamente - Precio Indicado Por Libra'),
('7570095667362','Brocoli','Superior','4.9','Brocoli Entero Libra - Unidad contiene 1Lb Aproximadamente'),
('9500765809177','Zanahoria','Doña Flora','3.45','Zanahoria Granel Libra'),
('5364887918258','Limón Persa','Red Roja','14','Limon Persa Empacado En Red 25 Unidades'),
('9627070632602','Banano','Del Monte','2.9','Banano Seleccion Especial Libra - 2 Unidades por Libra Aproximadamente -'),
('1279484141766','Aguacate Hass','Don Pablo','12.1','Aguacate Hass Libra - 3 Unidades Por Lb. Aproximadamente'),
('6776576739129','Carne molida','Don Cristobal','49.9','Carne Molida Magra Don Cristobal 95% Carne y 5% Grasa Empacado - Precio por libra'),
('7330965156328','Filete pechuga de pollo','Pollo Rey','34.25','Filete De Pechuga De Pollo, Pollo Rey, Empacado En Bandeja de 1 Libra - Precio Indicado Por Libra'),
('1406571836864','Chuleta de cerdo','Virginia','19.9','Chuleta De Cerdo Fresca Porcionada - 1lb'),
('7497154363285','Bistec','Don Cristobal','38.5','Bistec Don Cristobal Especial Res Empacado - 1lb'),
('4081996003708','Pierna de pollo','Tyson','6.9','Pierna Tyson Con Cuadril De Pollo - 1lb'),
('2159317425019','Costilla de res','El Taurino','20','Costilla De Res Porcionado Lb'),
('2881409330457','Lomito de res','Don Cristobal','82.5','Lomito Don Cristobal Magro De Res - Precio Por Libra'),
('8272032415446','Papel mayordomo','Suli','11.05','Papel Mayordomo Suli, 60 hojas dobles - Paquete de 3 Rollos'),
('5445163298407','Servilletas','Nube Blanca','23.5','Servilleta Nube Color Blanca - 500unidades'),
('9888711138080','Limpiador','Ajax ','22.25','Limpiador Multiusos Ajax Triclorín Con Cloro En Polvo - 600g'),
('6515016113796','Bolsa para basura','Supermax','18','Bolsa Pbasura Supermax Negra Med 30Eq'),
('7701451686674','Jabón en barra','Ambar','17.25','Jabón En Barra Ambar Con Aroma A Manzanilla 3Pack - 870g'),
('1521810611907','Jabón para trastes','Axión ','27.45','Lavaplatos Axión Limón Pasta 3 Pack - 425g'),
('2722364473897','Detergente','Suli ','8.25','Detergente Suli Aroma Natural - 1000gr'),
('7673618664039','Insecticida','Raid ','21.3','Insecticida Raid Casa Jardin Eucalipto Aerosol - 430ml'),
('6069376739360','Esponja limpieza','Scotch-Brite','10.5','Esponja Limpieza Pesada Anatómica Scotch-Brite X 2 Und'),
('6903757761814','Desinfectante','Fabuloso ','49.5','Desinfectante Multiusos Fabuloso Frescura Activa Antibacterial Lavanda - 1 galón'),
('4222959436718','Pasta dental','Colgate','21.25','Pasta Dental Colgate Triple Acción Xtra Blancura 160 ml'),
('6750088812805','Papel higiénico ','Scott','140','Papel Higiénico Scott Cuidado Completo Triple Hoja - 40 Rollos'),
('3834973492955','Shampoo','Herbal Essences','34.75','Shampoo Herbal Essences Prolóngalo -1000 ml'),
('1671767332671','Jabón liquido ','Olimpo','38','Jabón Olimpo Gel Antibacterial 3785Ml'),
('4069190721589','Toallas femeninas','Kotex','16','Toallas Femeninas Kotex Esencial Aloe Vera Con Alas 20Uds'),
('5765410576726','Crema humectante','Loreal','76.5','Crema Dia Hidratante Loreal París Revitalift Acido Hialurónico - 50ml'),
('4695987047677','Jabón barra','Dove','57','Jabón Barra Dove Original 6 Pack, Hidratación Profunda - 540g'),
('5533820635900','Cepillo dental','Colgate','28.75','Cepillo Dental Colgate ZigZag Charcoal Infusión de Carbón 3 Pack'),



/***********************************
 * EXISTENCIAS
 ***********************************/

/* EXISTENCIAS EN SUCURSAL CENTRAL */



INSERT INTO Stock.Existencia VALUES 
('5442502620527','S001',24,20,15),
('9284657246610','S001',36,43,11),
('6959877952280','S001',20,22,10),
('5718790208209','S001',46,31,8),
('8143325683215','S001',47,39,13),
('2478718177072','S001',29,46,2),
('8495805466698','S001',50,45,15),
('6082289004669','S001',41,23,10),
('3725214883635','S001',45,26,8),
('9765255888648','S001',35,29,19),
('7020723053958','S001',43,35,19),
('1017838508065','S001',50,29,15),
('1524317329319','S001',46,31,15),
('9515529536242','S001',45,33,15),
('2647242111611','S001',29,22,13),
('2190649841682','S001',31,50,14),
('2281332456394','S001',45,48,19),
('3850395232169','S001',46,22,10),
('4322321113010','S001',43,49,18),
('5933147829298','S001',36,42,8),
('3425402804450','S001',48,47,15),
('2613757847944','S001',26,34,7),
('5175223764089','S001',49,33,20),
('2937900204654','S001',28,38,18),
('9029872403500','S001',46,20,19),
('3918464313589','S001',46,20,18),
('8257442327051','S001',46,28,14),
('6403775169400','S001',20,36,10),
('1689567548517','S001',46,21,8),
('4003793129783','S001',29,47,17),
('8191350580504','S001',34,31,16),
('7391626548706','S001',42,50,19),
('8711798404906','S001',41,36,19),
('2769559162339','S001',24,42,11),
('5895936618789','S001',26,21,2),
('7622383888957','S001',26,29,15),
('2711593431735','S001',25,20,7),
('1365346571535','S001',31,22,7),
('9996512643860','S001',46,50,8),
('9188608617161','S001',21,45,6),
('8375518110133','S001',27,31,1),
('6225269271869','S001',40,25,14),
('7766303582934','S001',38,24,17),
('9584704419871','S001',40,39,18),
('4034732296107','S001',36,48,5),
('7570095667362','S001',27,45,9),
('9500765809177','S001',26,21,4),
('5364887918258','S001',32,28,1),
('9627070632602','S001',46,28,16),
('1279484141766','S001',22,50,19),
('6776576739129','S001',42,40,16),
('7330965156328','S001',23,35,18),
('1406571836864','S001',22,21,4),
('7497154363285','S001',41,33,5),
('4081996003708','S001',31,46,17),
('2159317425019','S001',28,25,10),
('2881409330457','S001',45,43,17),
('8272032415446','S001',26,40,6),
('5445163298407','S001',22,32,14),
('9888711138080','S001',34,39,17),
('6515016113796','S001',25,31,2),
('7701451686674','S001',50,36,4),
('1521810611907','S001',47,25,7),
('2722364473897','S001',23,35,15),
('7673618664039','S001',47,49,14),
('6069376739360','S001',46,40,8),
('6903757761814','S001',43,20,14),
('4222959436718','S001',27,26,16),
('6750088812805','S001',23,37,6),
('3834973492955','S001',26,39,5),
('1671767332671','S001',34,44,16),
('4069190721589','S001',49,40,4),
('5765410576726','S001',42,36,5),
('4695987047677','S001',36,37,4),
('5533820635900','S001',26,33,7),
('6572999314093','S001',28,26,19),
('7541718504009','S001',27,17,10),
('1316990073218','S001',27,18,20),
('6313550344426','S001',16,11,21),
('9249319781313','S001',18,26,20),
('2417379719097','S001',30,26,26),
('9704654213090','S001',12,27,17),
('2333137751556','S001',22,27,18),
('5845751360594','S001',10,16,11),
('4489278536254','S001',21,18,26),
('3200978407158','S001',28,30,26),
('4938816169297','S001',19,12,27),
('3055335899290','S001',11,22,27),
('9136225593277','S001',11,10,16),
('7225309188747','S001',30,21,18),
('8921160582814','S001',22,28,30),
('1453071773331','S001',21,19,12),
('6649131125509','S001',27,11,22),
('3470106186111','S001',24,11,10),
('6600846251877','S001',19,30,28),
('3356514414413','S001',10,22,19),
('3932046799197','S001',20,21,11),
('1779401896569','S001',21,27,11),
('4669878957357','S001',20,24,30),
('7353809138211','S001',26,19,22)



/* EXISTENCIAS EN SUCURSAL NORTE */
INSERT INTO Stock.Existencia VALUES 
('5442502620527','S002',31,29,2),
('9284657246610','S002',47,27,18),
('6959877952280','S002',39,42,10),
('5718790208209','S002',36,34,3),
('8143325683215','S002',42,33,8),
('2478718177072','S002',37,46,18),
('8495805466698','S002',30,46,12),
('6082289004669','S002',30,29,2),
('3725214883635','S002',38,34,12),
('9765255888648','S002',32,30,12),
('7020723053958','S002',22,38,11),
('1017838508065','S002',37,39,4),
('1524317329319','S002',28,32,5),
('9515529536242','S002',34,20,2),
('2647242111611','S002',49,40,10),
('2190649841682','S002',29,45,11),
('2281332456394','S002',28,46,17),
('3850395232169','S002',28,28,18),
('4322321113010','S002',24,43,10),
('5933147829298','S002',35,37,9),
('3425402804450','S002',28,32,9),
('2613757847944','S002',30,42,20),
('5175223764089','S002',47,38,1),
('2937900204654','S002',23,44,15),
('9029872403500','S002',34,43,3),
('3918464313589','S002',37,45,6),
('8257442327051','S002',38,25,5),
('6403775169400','S002',24,22,2),
('1689567548517','S002',45,35,14),
('4003793129783','S002',50,27,1),
('8191350580504','S002',31,35,13),
('7391626548706','S002',26,34,20),
('8711798404906','S002',23,35,4),
('2769559162339','S002',38,38,20),
('5895936618789','S002',31,44,20),
('7622383888957','S002',29,45,16),
('2711593431735','S002',35,43,12),
('1365346571535','S002',25,25,6),
('9996512643860','S002',47,37,5),
('9188608617161','S002',42,43,18),
('8375518110133','S002',35,37,9),
('6225269271869','S002',29,45,5),
('7766303582934','S002',43,31,5),
('9584704419871','S002',47,31,7),
('4034732296107','S002',46,39,19),
('7570095667362','S002',41,24,12),
('9500765809177','S002',44,33,6),
('5364887918258','S002',32,24,7),
('9627070632602','S002',20,48,11),
('1279484141766','S002',44,50,1),
('6776576739129','S002',49,23,3),
('7330965156328','S002',44,43,18),
('1406571836864','S002',31,23,5),
('7497154363285','S002',25,32,1),
('4081996003708','S002',34,25,1),
('2159317425019','S002',45,43,11),
('2881409330457','S002',39,40,20),
('8272032415446','S002',41,43,7),
('5445163298407','S002',26,45,4),
('9888711138080','S002',44,48,1),
('6515016113796','S002',47,36,2),
('7701451686674','S002',37,41,2),
('1521810611907','S002',32,40,5),
('2722364473897','S002',20,21,6),
('7673618664039','S002',20,47,13),
('6069376739360','S002',50,22,9),
('6903757761814','S002',31,28,1),
('4222959436718','S002',41,40,15),
('6750088812805','S002',38,21,18),
('3834973492955','S002',42,27,1),
('1671767332671','S002',21,37,18),
('4069190721589','S002',20,24,17),
('5765410576726','S002',50,29,19),
('4695987047677','S002',27,30,11),
('5533820635900','S002',40,26,6);



/* EXISTENCIAS EN SUCURSAL SUR */
INSERT INTO Stock.Existencia VALUES 
('5442502620527','S003',27,34,10),
('9284657246610','S003',44,47,10),
('6959877952280','S003',21,50,9),
('5718790208209','S003',33,20,9),
('8143325683215','S003',32,48,20),
('2478718177072','S003',21,34,4),
('8495805466698','S003',21,33,5),
('6082289004669','S003',22,33,6),
('3725214883635','S003',22,28,15),
('9765255888648','S003',23,30,4),
('7020723053958','S003',47,21,10),
('1017838508065','S003',23,40,20),
('1524317329319','S003',31,30,6),
('9515529536242','S003',40,50,1),
('2647242111611','S003',23,23,8),
('2190649841682','S003',44,44,18),
('2281332456394','S003',31,25,13),
('3850395232169','S003',47,48,2),
('4322321113010','S003',30,46,8),
('5933147829298','S003',48,41,12),
('3425402804450','S003',44,50,6),
('2613757847944','S003',49,31,18),
('5175223764089','S003',21,38,15),
('2937900204654','S003',27,35,9),
('9029872403500','S003',25,21,11),
('3918464313589','S003',43,26,20),
('8257442327051','S003',50,46,10),
('6403775169400','S003',36,45,18),
('1689567548517','S003',44,20,12),
('4003793129783','S003',31,28,4),
('8191350580504','S003',20,32,6),
('7391626548706','S003',42,33,15),
('8711798404906','S003',21,50,11),
('2769559162339','S003',33,36,18),
('5895936618789','S003',39,42,10),
('7622383888957','S003',42,35,20),
('2711593431735','S003',22,25,18),
('1365346571535','S003',26,40,4),
('9996512643860','S003',43,40,5),
('9188608617161','S003',43,36,17),
('8375518110133','S003',27,47,3),
('6225269271869','S003',36,38,13),
('7766303582934','S003',31,36,19),
('9584704419871','S003',22,50,10),
('4034732296107','S003',39,24,10),
('7570095667362','S003',42,50,10),
('9500765809177','S003',21,33,7),
('5364887918258','S003',27,26,1),
('9627070632602','S003',21,30,2),
('1279484141766','S003',40,26,1),
('6776576739129','S003',27,28,13),
('7330965156328','S003',47,30,15),
('1406571836864','S003',50,45,4),
('7497154363285','S003',48,25,5),
('4081996003708','S003',45,30,11),
('2159317425019','S003',39,28,20),
('2881409330457','S003',22,33,16),
('8272032415446','S003',38,30,1),
('5445163298407','S003',47,28,18),
('9888711138080','S003',25,34,10),
('6515016113796','S003',35,41,18),
('7701451686674','S003',49,43,11),
('1521810611907','S003',22,34,18),
('2722364473897','S003',27,34,20),
('7673618664039','S003',46,45,5),
('6069376739360','S003',48,42,18),
('6903757761814','S003',49,24,19),
('4222959436718','S003',25,23,18),
('6750088812805','S003',33,50,9),
('3834973492955','S003',35,33,18),
('1671767332671','S003',36,38,2),
('4069190721589','S003',44,24,9),
('5765410576726','S003',28,31,17),
('4695987047677','S003',46,23,15),
('5533820635900','S003',46,30,15),
